Hand,Weight,Combos,Equity,EV,EQR,Bet 1 %,Bet 1 EV,Check %,Check EV
As2s,1,724,0.569841,0.690124,0.605541,0.100787,0.686995,0.899213,0.690475
Ah2h,1,723,0.589766,0.866455,0.734576,0.281712,0.864508,0.718288,0.867218
Ad2d,1,725,0.588833,0.861822,0.731805,0.282521,0.859606,0.717479,0.862694
Ac2c,1,725,0.588833,0.861822,0.731805,0.282521,0.859606,0.717479,0.862694
As3h,1,723,0.572481,0.700605,0.611902,0.009567,0.698305,0.990433,0.700628
As3d,1,724,0.57176,0.696774,0.609324,0.003876,0.693052,0.996124,0.696789
As3c,1,724,0.57176,0.696774,0.609324,0.003876,0.693052,0.996124,0.696789
Ah3s,1,722,0.572982,0.705581,0.61571,0.05713,0.700342,0.94287,0.705899
Ah3d,1,723,0.572952,0.705001,0.615235,0.002823,0.699853,0.997177,0.705015
Ah3c,1,723,0.572952,0.705001,0.615235,0.002823,0.699853,0.997177,0.705015
Ad3s,1,723,0.572339,0.702218,0.613463,0.035676,0.696369,0.964324,0.702434
Ad3h,1,723,0.573032,0.705382,0.615483,0.00531,0.70166,0.99469,0.705402
Ad3c,1,724,0.57231,0.701412,0.61279,0.003113,0.696273,0.996887,0.701428
Ac3s,1,723,0.572339,0.702218,0.613463,0.035676,0.696369,0.964324,0.702434
Ac3h,1,723,0.573032,0.705382,0.615483,0.00531,0.70166,0.99469,0.705402
Ac3d,1,724,0.57231,0.701412,0.61279,0.003113,0.696273,0.996887,0.701428
As2h,1,725,0.570487,0.694527,0.608714,0.033173,0.691416,0.966827,0.694633
As2d,1,726,0.569771,0.690007,0.605513,0.013108,0.687344,0.986893,0.690042
As2c,1,726,0.569771,0.690007,0.605513,0.013108,0.687344,0.986893,0.690042
Ah2s,1,724,0.570932,0.698419,0.611648,0.135912,0.694856,0.864088,0.698979
Ah2d,1,725,0.570956,0.698064,0.611311,0.010956,0.694119,0.989044,0.698108
Ah2c,1,725,0.570956,0.698064,0.611311,0.010956,0.694119,0.989044,0.698108
Ad2s,1,725,0.570293,0.694874,0.609225,0.118059,0.690901,0.881941,0.695405
Ad2h,1,725,0.571036,0.699131,0.612161,0.029862,0.694762,0.970138,0.699266
Ad2c,1,726,0.570319,0.694627,0.608982,0.009949,0.690556,0.990051,0.694668
Ac2s,1,725,0.570293,0.694874,0.609225,0.118059,0.690901,0.881941,0.695405
Ac2h,1,725,0.571036,0.699131,0.612161,0.029862,0.694762,0.970138,0.699266
Ac2d,1,726,0.570319,0.694627,0.608982,0.009949,0.690556,0.990051,0.694668
Ks7s,1,723,0.944477,4.10958,2.17559,0.198138,4.10534,0.801862,4.11063
Kh7h,1,724,0.946979,4.1728,2.20322,0.206409,4.16626,0.793591,4.1745
Ks6s,1,723,0.522351,0.482541,0.461893,0.018814,0.482034,0.981186,0.48255
Kh6h,1,724,0.54298,0.654049,0.602278,0.031983,0.651429,0.968017,0.654136
Kd6d,1,721,0.546098,0.671308,0.61464,0.008423,0.668742,0.991577,0.67133
Kc6c,1,721,0.546098,0.671308,0.61464,0.008423,0.668742,0.991577,0.67133
Ks5s,1,721,0.518577,0.456967,0.440597,0.068696,0.455882,0.931304,0.457047
Kh5h,1,722,0.539242,0.632209,0.586201,0.103334,0.62966,0.896666,0.632503
Kd5d,1,719,0.542347,0.652741,0.601774,0.043336,0.649265,0.956664,0.652898
Kc5c,1,719,0.542347,0.652741,0.601774,0.043336,0.649265,0.956664,0.652898
Ks4s,1,725,0.516059,0.452806,0.438715,0.029175,0.451807,0.970825,0.452836
Kh4h,1,726,0.536824,0.628335,0.585234,0.043854,0.625018,0.956146,0.628488
Kd4d,1,724,0.539215,0.643957,0.597124,0.033997,0.640347,0.966003,0.644084
Kc4c,1,724,0.539215,0.643957,0.597124,0.033997,0.640347,0.966003,0.644084
Ks3s,1,723,0.512351,0.432643,0.422214,0.050614,0.430805,0.949386,0.432741
Kh3h,1,724,0.533109,0.604666,0.567113,0.074739,0.603235,0.925261,0.604782
Kd3d,1,723,0.534793,0.613978,0.574034,0.0748,0.61159,0.9252,0.614171
Kc3c,1,723,0.534793,0.613978,0.574034,0.0748,0.61159,0.9252,0.614171
Ks8h,1,740,0.53626,0.564113,0.52597,0.006363,0.557223,0.993637,0.564157
Ks8d,1,739,0.537017,0.572747,0.533267,0.003815,0.563189,0.996185,0.572784
Ks8c,1,739,0.537017,0.572747,0.533267,0.003815,0.563189,0.996185,0.572784
Kh8s,1,741,0.535524,0.562933,0.525591,0.006088,0.554799,0.993912,0.562983
Kh8d,1,740,0.536784,0.573696,0.534383,0.004089,0.563275,0.995911,0.573739
Kh8c,1,740,0.536784,0.573696,0.534383,0.004089,0.563275,0.995911,0.573739
Kd8s,1,739,0.537045,0.571886,0.532438,0.001831,0.564325,0.998169,0.5719
Kd8h,1,739,0.537551,0.573773,0.533692,0.002777,0.566345,0.997223,0.573794
Kd8c,1,738,0.538311,0.583183,0.541679,0.002121,0.573595,0.997879,0.583203
Kc8s,1,739,0.537045,0.571886,0.532438,0.001831,0.564325,0.998169,0.5719
Kc8h,1,739,0.537551,0.573773,0.533692,0.002777,0.566345,0.997223,0.573794
Kc8d,1,738,0.538311,0.583183,0.541679,0.002121,0.573595,0.997879,0.583203
Ks7h,1,724,0.944112,4.10973,2.17651,0.181674,4.10531,0.818326,4.11072
Kh7s,1,725,0.944072,4.10906,2.17625,0.205509,4.10334,0.794491,4.11055
Kd7s,1,723,0.944787,4.11237,2.17635,0.162783,4.1047,0.837217,4.11386
Kd7h,1,723,0.945036,4.11686,2.17815,0.150988,4.10908,0.849012,4.11825
Kc7s,1,723,0.944787,4.11237,2.17635,0.162783,4.1047,0.837217,4.11386
Kc7h,1,723,0.945036,4.11686,2.17815,0.150988,4.10908,0.849012,4.11825
Ks5h,1,721,0.519132,0.461169,0.444173,0.009064,0.459117,0.990936,0.461188
Ks5d,1,720,0.519902,0.470798,0.452775,0.001633,0.465882,0.998367,0.470806
Ks5c,1,720,0.519902,0.470798,0.452775,0.001633,0.465882,0.998367,0.470806
Kh5s,1,722,0.51832,0.457411,0.441243,0.050294,0.454956,0.949706,0.457541
Kh5d,1,721,0.519643,0.471012,0.453207,0.001724,0.465199,0.998276,0.471022
Kh5c,1,721,0.519643,0.471012,0.453207,0.001724,0.465199,0.998276,0.471022
Kd5s,1,720,0.519877,0.465535,0.447735,0.032273,0.462901,0.967727,0.465623
Kd5h,1,720,0.520433,0.469372,0.450944,0.002335,0.466011,0.997665,0.46938
Kd5c,1,719,0.521206,0.479275,0.459775,0.001236,0.473443,0.998764,0.479282
Kc5s,1,720,0.519877,0.465535,0.447735,0.032273,0.462901,0.967727,0.465623
Kc5h,1,720,0.520433,0.469372,0.450944,0.002335,0.466011,0.997665,0.46938
Kc5d,1,719,0.521206,0.479275,0.459775,0.001236,0.473443,0.998764,0.479282
Ks4h,1,725,0.516568,0.456303,0.441668,0.001801,0.451936,0.998199,0.456311
Ks4d,1,725,0.516622,0.460676,0.445854,0.001785,0.455281,0.998215,0.460686
Ks4c,1,725,0.516622,0.460676,0.445854,0.001785,0.455281,0.998215,0.460686
Kh4s,1,726,0.515805,0.453171,0.439285,0.017609,0.451277,0.982391,0.453205
Kh4d,1,726,0.516367,0.460903,0.446294,0.001923,0.454747,0.998077,0.460915
Kh4c,1,726,0.516367,0.460903,0.446294,0.001923,0.454747,0.998077,0.460915
Kd4s,1,724,0.517346,0.461338,0.44587,0.017517,0.460199,0.982483,0.461359
Kd4h,1,724,0.517856,0.464445,0.448431,0.001678,0.460714,0.998322,0.464451
Kd4c,1,724,0.51791,0.468825,0.452612,0.001541,0.463678,0.998459,0.468833
Kc4s,1,724,0.517346,0.461338,0.44587,0.017517,0.460199,0.982483,0.461359
Kc4h,1,724,0.517856,0.464445,0.448431,0.001678,0.460714,0.998322,0.464451
Kc4d,1,724,0.51791,0.468825,0.452612,0.001541,0.463678,0.998459,0.468833
Ks3h,1,723,0.513014,0.434662,0.423636,0.005341,0.431967,0.994659,0.434677
Ks3d,1,724,0.512363,0.431317,0.42091,0.006165,0.428628,0.993835,0.431334
Ks3c,1,724,0.512363,0.431317,0.42091,0.006165,0.428628,0.993835,0.431334
Kh3s,1,724,0.512101,0.433328,0.423088,0.018738,0.429788,0.981262,0.433396
Kh3d,1,725,0.512114,0.431808,0.421594,0.013336,0.427872,0.986664,0.431861
Kh3c,1,725,0.512114,0.431808,0.421594,0.013336,0.427872,0.986664,0.431861
Kd3s,1,722,0.513636,0.439985,0.428304,0.039261,0.437253,0.960739,0.440096
Kd3h,1,722,0.5143,0.441955,0.429666,0.023728,0.438675,0.976272,0.442034
Kd3c,1,723,0.513647,0.4386,0.426947,0.019776,0.434806,0.980224,0.438677
Kc3s,1,722,0.513636,0.439985,0.428304,0.039261,0.437253,0.960739,0.440096
Kc3h,1,722,0.5143,0.441955,0.429666,0.023728,0.438675,0.976272,0.442034
Kc3d,1,723,0.513647,0.4386,0.426947,0.019776,0.434806,0.980224,0.438677
Ks2h,1,725,0.511213,0.433221,0.423719,0.011963,0.428644,0.988037,0.433276
Ks2d,1,726,0.510566,0.429064,0.420185,0.029572,0.425447,0.970428,0.429174
Ks2c,1,726,0.510566,0.429064,0.420185,0.029572,0.425447,0.970428,0.429174
Kh2s,1,726,0.510253,0.431657,0.422983,0.042924,0.426861,0.957076,0.431872
Kh2d,1,727,0.510319,0.429158,0.42048,0.035401,0.424826,0.964599,0.429317
Kh2c,1,727,0.510319,0.429158,0.42048,0.035401,0.424826,0.964599,0.429317
Kd2s,1,724,0.511779,0.437922,0.427842,0.058701,0.43404,0.941299,0.438164
Kd2h,1,724,0.512493,0.439923,0.429199,0.036484,0.435329,0.963516,0.440096
Kd2c,1,725,0.511843,0.435725,0.425643,0.057969,0.431604,0.942031,0.435979
Kc2s,1,724,0.511779,0.437922,0.427842,0.058701,0.43404,0.941299,0.438164
Kc2h,1,724,0.512493,0.439923,0.429199,0.036484,0.435329,0.963516,0.440096
Kc2d,1,725,0.511843,0.435725,0.425643,0.057969,0.431604,0.942031,0.435979
Qs7s,1,723,0.941603,4.03727,2.14383,0.041962,4.02985,0.958038,4.0376
Qh7h,1,724,0.944087,4.09315,2.16778,0.146197,4.08237,0.853803,4.095
Qs6s,1,723,0.454116,0.291325,0.320761,0.093782,0.2877,0.906218,0.291701
Qh6h,1,724,0.477905,0.461978,0.483337,0.002701,0.452854,0.997299,0.462003
Qd6d,1,721,0.480886,0.474998,0.493878,0.004242,0.466622,0.995758,0.475033
Qc6c,1,721,0.480886,0.474998,0.493878,0.004242,0.466622,0.995758,0.475033
Qs5s,1,720,0.450159,0.272457,0.302623,0.118746,0.269831,0.881254,0.272811
Qh5h,1,721,0.474038,0.448353,0.472908,0.002853,0.439837,0.997147,0.448377
Qd5d,1,718,0.477005,0.463322,0.485657,0.004044,0.455428,0.995956,0.463354
Qc5c,1,718,0.477005,0.463322,0.485657,0.004044,0.455428,0.995956,0.463354
Qs4s,1,725,0.448164,0.275163,0.306989,0.013748,0.26869,0.986252,0.275253
Qh4h,1,726,0.472098,0.448308,0.474805,0.000916,0.434186,0.999084,0.448321
Qd4d,1,724,0.474443,0.459926,0.484701,0.001205,0.447184,0.998795,0.459941
Qc4c,1,724,0.474443,0.459926,0.484701,0.001205,0.447184,0.998795,0.459941
Qs3s,1,723,0.444217,0.260398,0.293098,0.054475,0.25686,0.945525,0.260602
Qh3h,1,724,0.468153,0.428619,0.457777,0.001038,0.42051,0.998962,0.428628
Qd3d,1,723,0.46988,0.435052,0.46294,0.001343,0.426418,0.998657,0.435064
Qc3c,1,723,0.46988,0.435052,0.46294,0.001343,0.426418,0.998657,0.435064
QsTh,1,728,0.497601,0.548252,0.550896,0.001373,0.543645,0.998627,0.548259
QsTd,1,728,0.497642,0.547867,0.550463,0.002182,0.544286,0.997818,0.547874
QsTc,1,728,0.497642,0.547867,0.550463,0.002182,0.544286,0.997818,0.547874
QhTs,1,729,0.496898,0.550006,0.55344,0.005493,0.545679,0.994507,0.55003
QhTd,1,729,0.497538,0.548354,0.551068,0.003861,0.545167,0.996139,0.548367
QhTc,1,729,0.497538,0.548354,0.551068,0.003861,0.545167,0.996139,0.548367
QdTs,1,727,0.49825,0.556457,0.558412,0.04715,0.553156,0.95285,0.55662
QdTh,1,727,0.498851,0.555181,0.55646,0.011887,0.552899,0.988113,0.555209
QdTc,1,727,0.498892,0.555044,0.556276,0.02211,0.553412,0.97789,0.555081
QcTs,1,727,0.49825,0.556457,0.558412,0.04715,0.553156,0.95285,0.55662
QcTh,1,727,0.498851,0.555181,0.55646,0.011887,0.552899,0.988113,0.555209
QcTd,1,727,0.498892,0.555044,0.556276,0.02211,0.553412,0.97789,0.555081
Qs8h,1,740,0.472546,0.392792,0.415613,0.001572,0.374288,0.998428,0.392821
Qs8d,1,739,0.473203,0.400283,0.42295,0.00296,0.383793,0.99704,0.400332
Qs8c,1,739,0.473203,0.400283,0.42295,0.00296,0.383793,0.99704,0.400332
Qh8s,1,741,0.471881,0.39059,0.413865,0.001999,0.37614,0.998001,0.390619
Qh8d,1,740,0.473044,0.40059,0.423417,0.003326,0.386265,0.996674,0.400638
Qh8c,1,740,0.473044,0.40059,0.423417,0.003326,0.386265,0.996674,0.400638
Qd8s,1,739,0.47323,0.395885,0.41828,0.002029,0.3819,0.997971,0.395913
Qd8h,1,739,0.473738,0.398531,0.420623,0.002121,0.382657,0.997879,0.398564
Qd8c,1,738,0.474398,0.406544,0.428484,0.003906,0.392693,0.996094,0.406598
Qc8s,1,739,0.47323,0.395885,0.41828,0.002029,0.3819,0.997971,0.395913
Qc8h,1,739,0.473738,0.398531,0.420623,0.002121,0.382657,0.997879,0.398564
Qc8d,1,738,0.474398,0.406544,0.428484,0.003906,0.392693,0.996094,0.406598
Qs7h,1,724,0.941238,4.04033,2.14629,0.026963,4.03005,0.973037,4.04062
Qh7s,1,725,0.941201,4.03492,2.1435,0.043214,4.02163,0.956786,4.03552
Qd7s,1,723,0.94191,4.03702,2.143,0.143084,4.02895,0.856916,4.03837
Qd7h,1,723,0.942155,4.04465,2.14649,0.079332,4.0336,0.920668,4.0456
Qc7s,1,723,0.94191,4.03702,2.143,0.143084,4.02895,0.856916,4.03837
Qc7h,1,723,0.942155,4.04465,2.14649,0.079332,4.0336,0.920668,4.0456
Qs6h,1,724,0.454762,0.297498,0.327092,0.009857,0.289715,0.990143,0.297576
Qs6d,1,723,0.455429,0.29871,0.327944,0.013016,0.292088,0.986984,0.298798
Qs6c,1,723,0.455429,0.29871,0.327944,0.013016,0.292088,0.986984,0.298798
Qh6s,1,725,0.454015,0.292645,0.322286,0.113771,0.289794,0.886229,0.293011
Qh6d,1,724,0.455263,0.298562,0.327901,0.057176,0.293581,0.942824,0.298864
Qh6c,1,724,0.455263,0.298562,0.327901,0.057176,0.293581,0.942824,0.298864
Qd6s,1,723,0.455388,0.298402,0.327635,0.095888,0.294668,0.904112,0.298798
Qd6h,1,723,0.455972,0.30321,0.332487,0.015244,0.296475,0.984756,0.303314
Qd6c,1,722,0.456641,0.304986,0.333945,0.036301,0.299506,0.963699,0.305192
Qc6s,1,723,0.455388,0.298402,0.327635,0.095888,0.294668,0.904112,0.298798
Qc6h,1,723,0.455972,0.30321,0.332487,0.015244,0.296475,0.984756,0.303314
Qc6d,1,722,0.456641,0.304986,0.333945,0.036301,0.299506,0.963699,0.305192
Qs5h,1,721,0.450764,0.276565,0.306774,0.026215,0.272785,0.973785,0.276667
Qs5d,1,720,0.451431,0.28519,0.315873,0.009751,0.279031,0.99025,0.285251
Qs5c,1,720,0.451431,0.28519,0.315873,0.009751,0.279031,0.99025,0.285251
Qh5s,1,722,0.450064,0.27395,0.304345,0.110994,0.272112,0.889006,0.27418
Qh5d,1,721,0.451265,0.284746,0.315498,0.018692,0.280937,0.981308,0.284819
Qh5c,1,721,0.451265,0.284746,0.315498,0.018692,0.280937,0.981308,0.284819
Qd5s,1,720,0.451432,0.279373,0.309429,0.08751,0.27618,0.91249,0.279679
Qd5h,1,720,0.451968,0.282071,0.312047,0.084657,0.278513,0.915343,0.2824
Qd5c,1,719,0.452638,0.291022,0.321473,0.019593,0.285424,0.980407,0.291134
Qc5s,1,720,0.451432,0.279373,0.309429,0.08751,0.27618,0.91249,0.279679
Qc5h,1,720,0.451968,0.282071,0.312047,0.084657,0.278513,0.915343,0.2824
Qc5d,1,719,0.452638,0.291022,0.321473,0.019593,0.285424,0.980407,0.291134
Qs4h,1,725,0.448623,0.275008,0.306503,0.06302,0.269462,0.93698,0.275381
Qs4d,1,725,0.448671,0.279457,0.311428,0.060502,0.272808,0.939498,0.279885
Qs4c,1,725,0.448671,0.279457,0.311428,0.060502,0.272808,0.939498,0.279885
Qh4s,1,726,0.447996,0.275148,0.307087,0.075944,0.271111,0.924056,0.27548
Qh4d,1,726,0.448503,0.279449,0.311536,0.149081,0.274966,0.850919,0.280235
Qh4c,1,726,0.448503,0.279449,0.311536,0.149081,0.274966,0.850919,0.280235
Qd4s,1,724,0.449351,0.280827,0.312481,0.094606,0.275927,0.905394,0.281339
Qd4h,1,724,0.44981,0.281809,0.313253,0.177707,0.276829,0.822293,0.282885
Qd4c,1,724,0.449858,0.285533,0.317359,0.155276,0.280308,0.844724,0.286494
Qc4s,1,724,0.449351,0.280827,0.312481,0.094606,0.275927,0.905394,0.281339
Qc4h,1,724,0.44981,0.281809,0.313253,0.177707,0.276829,0.822293,0.282885
Qc4d,1,724,0.449858,0.285533,0.317359,0.155276,0.280308,0.844724,0.286494
Qs3h,1,723,0.44483,0.261872,0.294351,0.012161,0.260215,0.987839,0.261892
Qs3d,1,724,0.444266,0.260196,0.292838,0.002121,0.255696,0.997879,0.260206
Qs3c,1,724,0.444266,0.260196,0.292838,0.002121,0.255696,0.997879,0.260206
Qh3s,1,724,0.444055,0.261328,0.294251,0.064683,0.258917,0.935317,0.261494
Qh3d,1,725,0.444104,0.262114,0.295104,0.00267,0.257237,0.99733,0.262127
Qh3c,1,725,0.444104,0.262114,0.295104,0.00267,0.257237,0.99733,0.262127
Qd3s,1,722,0.445402,0.265084,0.297578,0.168124,0.260999,0.831876,0.26591
Qd3h,1,722,0.446016,0.267488,0.299864,0.116091,0.264747,0.883909,0.267848
Qd3c,1,723,0.445449,0.26581,0.298362,0.014939,0.260344,0.985061,0.265893
Qc3s,1,722,0.445402,0.265084,0.297578,0.168124,0.260999,0.831876,0.26591
Qc3h,1,722,0.446016,0.267488,0.299864,0.116091,0.264747,0.883909,0.267848
Qc3d,1,723,0.445449,0.26581,0.298362,0.014939,0.260344,0.985061,0.265893
Qs2h,1,725,0.443234,0.262729,0.296377,0.057557,0.259939,0.942443,0.262899
Qs2d,1,726,0.442672,0.260274,0.29398,0.013275,0.257104,0.986725,0.260316
Qs2c,1,726,0.442672,0.260274,0.29398,0.013275,0.257104,0.986725,0.260316
Qh2s,1,726,0.442412,0.262877,0.297095,0.07158,0.259417,0.92842,0.263143
Qh2d,1,727,0.442512,0.262044,0.296087,0.014542,0.257997,0.985458,0.262104
Qh2c,1,727,0.442512,0.262044,0.296087,0.014542,0.257997,0.985458,0.262104
Qd2s,1,724,0.44375,0.26639,0.300158,0.174105,0.261494,0.825895,0.267422
Qd2h,1,724,0.444414,0.268197,0.301742,0.121658,0.263556,0.878342,0.26884
Qd2c,1,725,0.44385,0.265699,0.299312,0.056062,0.26084,0.943938,0.265988
Qc2s,1,724,0.44375,0.26639,0.300158,0.174105,0.261494,0.825895,0.267422
Qc2h,1,724,0.444414,0.268197,0.301742,0.121658,0.263556,0.878342,0.26884
Qc2d,1,725,0.44385,0.265699,0.299312,0.056062,0.26084,0.943938,0.265988
Js7s,1,716,0.990713,5.26954,2.65947,0.012116,5.26554,0.987884,5.26958
Js6s,1,716,0.79392,1.92317,1.21119,0.001129,1.9125,0.998871,1.92319
Jd6d,1,715,0.804622,2.06656,1.28418,0.053132,2.0594,0.946868,2.06696
Jc6c,1,715,0.804622,2.06656,1.28418,0.053132,2.0594,0.946868,2.06696
Js5s,1,713,0.791305,1.89932,1.20012,0.000946,1.88795,0.999054,1.89933
Jd5d,1,712,0.802162,2.04751,1.27625,0.031983,2.04054,0.968017,2.04774
Jc5c,1,712,0.802162,2.04751,1.27625,0.031983,2.04054,0.968017,2.04774
Js4s,1,717,0.792223,1.9047,1.20212,0.003082,1.89809,0.996918,1.90472
Jd4d,1,717,0.802134,2.04692,1.27592,0.121767,2.04018,0.878233,2.04785
Jc4c,1,717,0.802134,2.04692,1.27592,0.121767,2.04018,0.878233,2.04785
Js3s,1,715,0.789703,1.88281,1.1921,0.103258,1.87789,0.896742,1.88337
Jd3d,1,716,0.798747,2.01952,1.26418,0.152148,2.01466,0.847852,2.02039
Jc3c,1,716,0.798747,2.01952,1.26418,0.152148,2.01466,0.847852,2.02039
Js2s,1,717,0.789885,1.88122,1.19082,0.107683,1.87844,0.892317,1.88156
Jd2d,1,718,0.798963,2.02132,1.26496,0.102937,2.01794,0.897063,2.02171
Jc2c,1,718,0.798963,2.02132,1.26496,0.102937,2.01794,0.897063,2.02171
JsTh,1,719,0.815388,2.13493,1.30915,0.107164,2.13006,0.892836,2.13551
JsTd,1,719,0.815487,2.14413,1.31464,0.080859,2.13746,0.919141,2.14472
JsTc,1,719,0.815487,2.14413,1.31464,0.080859,2.13746,0.919141,2.14472
JdTs,1,719,0.815125,2.14479,1.31562,0.076081,2.13927,0.923919,2.14524
JdTh,1,719,0.815721,2.13854,1.31083,0.062547,2.13538,0.937453,2.13875
JdTc,1,719,0.81582,2.14805,1.3165,0.03183,2.14265,0.96817,2.14823
JcTs,1,719,0.815125,2.14479,1.31562,0.076081,2.13927,0.923919,2.14524
JcTh,1,719,0.815721,2.13854,1.31083,0.062547,2.13538,0.937453,2.13875
JcTd,1,719,0.81582,2.14805,1.3165,0.03183,2.14265,0.96817,2.14823
Js9h,1,720,0.812594,2.09517,1.28919,0.052735,2.0926,0.947265,2.09532
Js9d,1,720,0.812713,2.10319,1.29393,0.011078,2.09998,0.988922,2.10322
Js9c,1,720,0.812713,2.10319,1.29393,0.011078,2.09998,0.988922,2.10322
Jd9s,1,720,0.812305,2.10122,1.29337,0.009003,2.09506,0.990997,2.10128
Jd9h,1,720,0.812898,2.09825,1.2906,0.037049,2.09687,0.962951,2.0983
Jd9c,1,720,0.813017,2.10631,1.29536,0.01207,2.10426,0.98793,2.10633
Jc9s,1,720,0.812305,2.10122,1.29337,0.009003,2.09506,0.990997,2.10128
Jc9h,1,720,0.812898,2.09825,1.2906,0.037049,2.09687,0.962951,2.0983
Jc9d,1,720,0.813017,2.10631,1.29536,0.01207,2.10426,0.98793,2.10633
Js8h,1,732,0.809141,2.05585,1.27039,0.067155,2.05098,0.932845,2.0562
Js8d,1,731,0.810216,2.06925,1.27697,0.074907,2.06429,0.925093,2.06965
Js8c,1,731,0.810216,2.06925,1.27697,0.074907,2.06429,0.925093,2.06965
Jd8s,1,732,0.808958,2.05822,1.27215,0.036408,2.05429,0.963592,2.05837
Jd8h,1,732,0.809424,2.0587,1.27171,0.049851,2.05531,0.950149,2.05888
Jd8c,1,731,0.8105,2.0724,1.27847,0.01706,2.06914,0.98294,2.07245
Jc8s,1,732,0.808958,2.05822,1.27215,0.036408,2.05429,0.963592,2.05837
Jc8h,1,732,0.809424,2.0587,1.27171,0.049851,2.05531,0.950149,2.05888
Jc8d,1,731,0.8105,2.0724,1.27847,0.01706,2.06914,0.98294,2.07245
Js7h,1,716,0.990716,5.26393,2.65663,0.010849,5.25968,0.989151,5.26398
Jd7s,1,716,0.990714,5.26145,2.65538,0.017227,5.25838,0.982773,5.26151
Jd7h,1,716,0.990717,5.25585,2.65255,0.015442,5.25238,0.984558,5.2559
Jc7s,1,716,0.990714,5.26145,2.65538,0.017227,5.25838,0.982773,5.26151
Jc7h,1,716,0.990717,5.25585,2.65255,0.015442,5.25238,0.984558,5.2559
Js6h,1,716,0.794493,1.92396,1.21081,0.001221,1.91485,0.998779,1.92397
Js6d,1,715,0.795546,1.9332,1.21501,0.001953,1.92226,0.998047,1.93322
Js6c,1,715,0.795546,1.9332,1.21501,0.001953,1.92226,0.998047,1.93322
Jd6s,1,716,0.794126,1.92552,1.21235,0.000809,1.91276,0.999191,1.92553
Jd6h,1,716,0.794699,1.9263,1.21197,0.001038,1.91602,0.998962,1.92631
Jd6c,1,715,0.795753,1.93568,1.21626,0.001602,1.92382,0.998398,1.9357
Jc6s,1,716,0.794126,1.92552,1.21235,0.000809,1.91276,0.999191,1.92553
Jc6h,1,716,0.794699,1.9263,1.21197,0.001038,1.91602,0.998962,1.92631
Jc6d,1,715,0.795753,1.93568,1.21626,0.001602,1.92382,0.998398,1.9357
Js5h,1,713,0.79188,1.90102,1.20032,0.001022,1.892,0.998978,1.90103
Js5d,1,712,0.792932,1.91264,1.20605,0.000839,1.90125,0.999161,1.91265
Js5c,1,712,0.792932,1.91264,1.20605,0.000839,1.90125,0.999161,1.91265
Jd5s,1,713,0.791501,1.90154,1.20123,0.000671,1.88795,0.999329,1.90155
Jd5h,1,713,0.792076,1.90338,1.20151,0.000839,1.89253,0.999161,1.90339
Jd5c,1,712,0.793129,1.91487,1.20716,0.000702,1.9023,0.999298,1.91488
Jc5s,1,713,0.791501,1.90154,1.20123,0.000671,1.88795,0.999329,1.90155
Jc5h,1,713,0.792076,1.90338,1.20151,0.000839,1.89253,0.999161,1.90339
Jc5d,1,712,0.793129,1.91487,1.20716,0.000702,1.9023,0.999298,1.91488
Js4h,1,717,0.792724,1.9082,1.20357,0.015534,1.90589,0.984466,1.90824
Js4d,1,717,0.792782,1.90965,1.2044,0.001297,1.90069,0.998703,1.90967
Js4c,1,717,0.792782,1.90965,1.2044,0.001297,1.90069,0.998703,1.90967
Jd4s,1,717,0.792414,1.90718,1.2034,0.001266,1.89848,0.998734,1.90719
Jd4h,1,717,0.792915,1.9107,1.20486,0.002533,1.90706,0.997467,1.91071
Jd4c,1,717,0.792973,1.912,1.20559,0.000946,1.9016,0.999054,1.91201
Jc4s,1,717,0.792414,1.90718,1.2034,0.001266,1.89848,0.998734,1.90719
Jc4h,1,717,0.792915,1.9107,1.20486,0.002533,1.90706,0.997467,1.91071
Jc4d,1,717,0.792973,1.912,1.20559,0.000946,1.9016,0.999054,1.91201
Js3h,1,715,0.790324,1.88766,1.19423,0.084671,1.88598,0.915329,1.88781
Js3d,1,716,0.789398,1.88096,1.19139,0.000977,1.87406,0.999023,1.88097
Js3c,1,716,0.789398,1.88096,1.19139,0.000977,1.87406,0.999023,1.88097
Jd3s,1,715,0.789893,1.88554,1.19354,0.008606,1.87946,0.991394,1.88559
Jd3h,1,715,0.790515,1.89,1.19542,0.011048,1.88755,0.988952,1.89003
Jd3c,1,716,0.789589,1.88305,1.19242,0.000671,1.87536,0.999329,1.88305
Jc3s,1,715,0.789893,1.88554,1.19354,0.008606,1.87946,0.991394,1.88559
Jc3h,1,715,0.790515,1.89,1.19542,0.011048,1.88755,0.988952,1.89003
Jc3d,1,716,0.789589,1.88305,1.19242,0.000671,1.87536,0.999329,1.88305
Js2h,1,717,0.790546,1.88737,1.19371,0.045457,1.88637,0.954543,1.88742
Js2d,1,718,0.789622,1.88085,1.19098,0.001038,1.87565,0.998962,1.88085
Js2c,1,718,0.789622,1.88085,1.19098,0.001038,1.87565,0.998962,1.88085
Jd2s,1,717,0.790075,1.88371,1.19211,0.016587,1.87987,0.983413,1.88377
Jd2h,1,717,0.790736,1.88962,1.19485,0.005386,1.88768,0.994614,1.88963
Jd2c,1,718,0.789812,1.88306,1.19209,0.000763,1.87682,0.999237,1.88306
Jc2s,1,717,0.790075,1.88371,1.19211,0.016587,1.87987,0.983413,1.88377
Jc2h,1,717,0.790736,1.88962,1.19485,0.005386,1.88768,0.994614,1.88963
Jc2d,1,718,0.789812,1.88306,1.19209,0.000763,1.87682,0.999237,1.88306
Ts7s,1,716,0.939655,3.82732,2.03656,0.178927,3.81855,0.821073,3.82923
Th7h,1,716,0.942132,3.88098,2.05968,0.353216,3.87601,0.646784,3.8837
Ts6s,1,716,0.365492,0.161632,0.221116,0.000626,0.147308,0.999374,0.161641
Th6h,1,716,0.392931,0.286252,0.364252,0.207733,0.279955,0.792267,0.287903
Td6d,1,715,0.393763,0.285988,0.363147,0.200809,0.280252,0.799191,0.287429
Tc6c,1,715,0.393763,0.285988,0.363147,0.200809,0.280252,0.799191,0.287429
Ts5s,1,713,0.360873,0.154704,0.214347,0.000336,0.132729,0.999664,0.154712
Th5h,1,713,0.388413,0.27736,0.357042,0.127611,0.269597,0.872389,0.278495
Td5d,1,712,0.389192,0.277272,0.356215,0.120714,0.270013,0.879286,0.278268
Tc5c,1,712,0.389192,0.277272,0.356215,0.120714,0.270013,0.879286,0.278268
Ts4s,1,717,0.359539,0.153171,0.213011,0.002701,0.149408,0.997299,0.153181
Th4h,1,717,0.387177,0.285198,0.368305,0.050294,0.276795,0.949706,0.285643
Td4d,1,717,0.387486,0.283197,0.365429,0.062303,0.275754,0.937697,0.283691
Tc4c,1,717,0.387486,0.283197,0.365429,0.062303,0.275754,0.937697,0.283691
Ts3s,1,715,0.355165,0.147802,0.208075,0.002976,0.144549,0.997024,0.147812
Th3h,1,715,0.382789,0.266355,0.347914,0.207263,0.259114,0.792737,0.268248
Td3d,1,716,0.382628,0.260854,0.340872,0.140978,0.253243,0.859022,0.262103
Tc3c,1,716,0.382628,0.260854,0.340872,0.140978,0.253243,0.859022,0.262103
Ts2s,1,717,0.353781,0.14848,0.209848,0.00647,0.145895,0.99353,0.148497
Th2h,1,717,0.381496,0.269899,0.353739,0.202472,0.261701,0.797528,0.271981
Td2d,1,718,0.38133,0.263713,0.345781,0.14902,0.255973,0.85098,0.265068
Tc2c,1,718,0.38133,0.263713,0.345781,0.14902,0.255973,0.85098,0.265068
Ts9h,1,720,0.482554,0.849632,0.880349,0.018753,0.84658,0.981247,0.84969
Ts9d,1,720,0.482602,0.850295,0.880948,0.017563,0.847876,0.982437,0.850338
Ts9c,1,720,0.482602,0.850295,0.880948,0.017563,0.847876,0.982437,0.850338
Th9s,1,720,0.482499,0.842379,0.872933,0.089846,0.839194,0.910154,0.842693
Th9d,1,720,0.48315,0.848961,0.878568,0.200592,0.843989,0.799408,0.850208
Th9c,1,720,0.48315,0.848961,0.878568,0.200592,0.843989,0.799408,0.850208
Td9s,1,720,0.482536,0.842811,0.873314,0.043702,0.839713,0.956298,0.842952
Td9h,1,720,0.483138,0.848414,0.878024,0.192309,0.8436,0.807691,0.849561
Td9c,1,720,0.483187,0.849433,0.878991,0.173526,0.844507,0.826474,0.850468
Tc9s,1,720,0.482536,0.842811,0.873314,0.043702,0.839713,0.956298,0.842952
Tc9h,1,720,0.483138,0.848414,0.878024,0.192309,0.8436,0.807691,0.849561
Tc9d,1,720,0.483187,0.849433,0.878991,0.173526,0.844507,0.826474,0.850468
Ts7h,1,716,0.939833,3.83167,2.03848,0.170245,3.82259,0.829755,3.83353
Th7s,1,716,0.940035,3.82447,2.03422,0.331273,3.81959,0.668727,3.82689
Td7s,1,716,0.940003,3.82702,2.03564,0.290761,3.82194,0.709239,3.8291
Td7h,1,716,0.940182,3.83144,2.0376,0.287388,3.82624,0.712612,3.83353
Tc7s,1,716,0.940003,3.82702,2.03564,0.290761,3.82194,0.709239,3.8291
Tc7h,1,716,0.940182,3.83144,2.0376,0.287388,3.82624,0.712612,3.83353
Ts6h,1,716,0.366037,0.16528,0.225769,0.00058,0.14809,0.99942,0.16529
Ts6d,1,715,0.366544,0.165284,0.225462,0.000916,0.151596,0.999084,0.165296
Ts6c,1,715,0.366544,0.165284,0.225462,0.000916,0.151596,0.999084,0.165296
Th6s,1,716,0.365957,0.16854,0.230272,0.00032,0.144963,0.99968,0.168547
Th6d,1,715,0.36701,0.172465,0.234959,0.000336,0.148203,0.999664,0.172473
Th6c,1,715,0.36701,0.172465,0.234959,0.000336,0.148203,0.999664,0.172473
Td6s,1,716,0.365995,0.167236,0.228468,0.00032,0.143269,0.99968,0.167244
Td6h,1,716,0.36654,0.171016,0.233284,0.000244,0.142878,0.999756,0.171023
Td6c,1,715,0.367048,0.171029,0.23298,0.000336,0.146115,0.999664,0.171038
Tc6s,1,716,0.365995,0.167236,0.228468,0.00032,0.143269,0.99968,0.167244
Tc6h,1,716,0.36654,0.171016,0.233284,0.000244,0.142878,0.999756,0.171023
Tc6d,1,715,0.367048,0.171029,0.23298,0.000336,0.146115,0.999664,0.171038
Ts5h,1,713,0.361375,0.157453,0.217852,0.000275,0.13299,0.999725,0.157459
Ts5d,1,712,0.36188,0.159412,0.220255,0.000443,0.139635,0.999557,0.159421
Ts5c,1,712,0.36188,0.159412,0.220255,0.000443,0.139635,0.999557,0.159421
Th5s,1,713,0.361331,0.161642,0.223676,0.000137,0.129981,0.999863,0.161647
Th5d,1,712,0.362339,0.166623,0.229927,0.000153,0.13518,0.999847,0.166628
Th5c,1,712,0.362339,0.166623,0.229927,0.000153,0.13518,0.999847,0.166628
Td5s,1,713,0.36137,0.160203,0.221661,0.000137,0.128803,0.999863,0.160207
Td5h,1,713,0.361872,0.163213,0.225511,0.000122,0.128018,0.999878,0.163217
Td5c,1,712,0.362377,0.165313,0.228094,0.000153,0.133607,0.999847,0.165317
Tc5s,1,713,0.36137,0.160203,0.221661,0.000137,0.128803,0.999863,0.160207
Tc5h,1,713,0.361872,0.163213,0.225511,0.000122,0.128018,0.999878,0.163217
Tc5d,1,712,0.362377,0.165313,0.228094,0.000153,0.133607,0.999847,0.165317
Ts4h,1,717,0.359954,0.15577,0.216375,0.00148,0.146415,0.99852,0.155784
Ts4d,1,717,0.35998,0.15642,0.217262,0.001709,0.147847,0.998291,0.156435
Ts4c,1,717,0.35998,0.15642,0.217262,0.001709,0.147847,0.998291,0.156435
Th4s,1,717,0.359992,0.159681,0.221784,0.000397,0.142642,0.999603,0.159687
Th4d,1,717,0.360433,0.163454,0.226746,0.000366,0.143292,0.999634,0.163461
Th4c,1,717,0.360433,0.163454,0.226746,0.000366,0.143292,0.999634,0.163461
Td4s,1,717,0.36003,0.15838,0.219953,0.000397,0.141601,0.999603,0.158386
Td4h,1,717,0.360445,0.161242,0.223671,0.00032,0.140039,0.99968,0.161249
Td4c,1,717,0.360471,0.162152,0.224918,0.000366,0.142121,0.999634,0.16216
Tc4s,1,717,0.36003,0.15838,0.219953,0.000397,0.141601,0.999603,0.158386
Tc4h,1,717,0.360445,0.161242,0.223671,0.00032,0.140039,0.99968,0.161249
Tc4d,1,717,0.360471,0.162152,0.224918,0.000366,0.142121,0.999634,0.16216
Ts3h,1,715,0.355722,0.150281,0.211234,0.000702,0.13672,0.999298,0.150291
Ts3d,1,716,0.35528,0.149515,0.210419,0.000397,0.130108,0.999603,0.149523
Ts3c,1,716,0.35528,0.149515,0.210419,0.000397,0.130108,0.999603,0.149523
Th3s,1,715,0.355619,0.154328,0.216985,0.000427,0.13659,0.999573,0.154336
Th3d,1,716,0.355734,0.156164,0.219496,0.000137,0.124245,0.999863,0.156168
Th3c,1,716,0.355734,0.156164,0.219496,0.000137,0.124245,0.999863,0.156168
Td3s,1,715,0.355657,0.153024,0.215128,0.000427,0.136329,0.999573,0.153031
Td3h,1,715,0.356215,0.155766,0.21864,0.000198,0.129413,0.999802,0.155771
Td3c,1,716,0.355772,0.154861,0.217641,0.000137,0.123854,0.999863,0.154865
Tc3s,1,715,0.355657,0.153024,0.215128,0.000427,0.136329,0.999573,0.153031
Tc3h,1,715,0.356215,0.155766,0.21864,0.000198,0.129413,0.999802,0.155771
Tc3d,1,716,0.355772,0.154861,0.217641,0.000137,0.123854,0.999863,0.154865
Ts2h,1,717,0.354385,0.150437,0.212251,0.000916,0.137437,0.999084,0.150449
Ts2d,1,718,0.353946,0.149545,0.211253,0.000473,0.131492,0.999527,0.149553
Ts2c,1,718,0.353946,0.149545,0.211253,0.000473,0.131492,0.999527,0.149553
Th2s,1,717,0.354234,0.154735,0.218408,0.000488,0.138999,0.999512,0.154743
Th2d,1,718,0.354398,0.155915,0.219972,0.000168,0.126294,0.999832,0.15592
Th2c,1,718,0.354398,0.155915,0.219972,0.000168,0.126294,0.999832,0.15592
Td2s,1,717,0.354272,0.153564,0.216732,0.000504,0.138738,0.999496,0.153572
Td2h,1,717,0.354876,0.155777,0.219481,0.000275,0.130671,0.999725,0.155784
Td2c,1,718,0.354436,0.154746,0.218299,0.000168,0.125904,0.999832,0.154751
Tc2s,1,717,0.354272,0.153564,0.216732,0.000504,0.138738,0.999496,0.153572
Tc2h,1,717,0.354876,0.155777,0.219481,0.000275,0.130671,0.999725,0.155784
Tc2d,1,718,0.354436,0.154746,0.218299,0.000168,0.125904,0.999832,0.154751
9s7s,1,716,0.938686,3.7781,2.01244,0.336233,3.76643,0.663767,3.78402
9h7h,1,716,0.941019,3.83384,2.03707,0.398184,3.82702,0.601816,3.83835
9s6s,1,716,0.326426,0.184347,0.282372,0.020676,0.179753,0.979324,0.184444
9h6h,1,716,0.355751,0.320552,0.450529,0.195666,0.316569,0.804334,0.321521
9d6d,1,715,0.356728,0.325459,0.456172,0.22208,0.321094,0.77792,0.326705
9c6c,1,715,0.356728,0.325459,0.456172,0.22208,0.321094,0.77792,0.326705
9s5s,1,713,0.321599,0.175452,0.27278,0.024826,0.1729,0.975174,0.175517
9h5h,1,713,0.351037,0.311993,0.444387,0.285695,0.31003,0.714305,0.312778
9d5d,1,712,0.351961,0.317145,0.45054,0.265827,0.313778,0.734173,0.318364
9c5c,1,712,0.351961,0.317145,0.45054,0.265827,0.313778,0.734173,0.318364
9s4s,1,717,0.308017,0.149904,0.243337,0.002655,0.14056,0.997345,0.149929
9h4h,1,717,0.338261,0.265189,0.39199,0.447745,0.258578,0.552254,0.270549
9d4d,1,717,0.338739,0.267989,0.395569,0.442145,0.261311,0.557855,0.273282
9c4c,1,717,0.338739,0.267989,0.395569,0.442145,0.261311,0.557855,0.273282
9s2s,1,717,0.302282,0.144684,0.239321,0.007767,0.139649,0.992233,0.144724
9h2h,1,717,0.332599,0.250359,0.376368,0.518318,0.244656,0.481682,0.256496
9d2d,1,718,0.332673,0.248006,0.372748,0.497826,0.242329,0.502174,0.253634
9c2c,1,718,0.332673,0.248006,0.372748,0.497826,0.242329,0.502174,0.253634
9s8h,1,732,0.440258,0.800639,0.909284,0.070924,0.79531,0.929076,0.801046
9s8d,1,731,0.440693,0.80581,0.914254,0.255833,0.801156,0.744167,0.80741
9s8c,1,731,0.440693,0.80581,0.914254,0.255833,0.801156,0.744167,0.80741
9h8s,1,732,0.440284,0.80561,0.914875,0.207187,0.800153,0.792813,0.807036
9h8d,1,731,0.441224,0.814212,0.922674,0.351843,0.80958,0.648157,0.816727
9h8c,1,731,0.441224,0.814212,0.922674,0.351843,0.80958,0.648157,0.816727
9d8s,1,732,0.440332,0.804693,0.913734,0.225086,0.799261,0.774914,0.806271
9d8h,1,732,0.440837,0.808065,0.916513,0.289555,0.803085,0.710445,0.810095
9d8c,1,731,0.441272,0.813667,0.921955,0.367941,0.809069,0.632059,0.816344
9c8s,1,732,0.440332,0.804693,0.913734,0.225086,0.799261,0.774914,0.806271
9c8h,1,732,0.440837,0.808065,0.916513,0.289555,0.803085,0.710445,0.810095
9c8d,1,731,0.441272,0.813667,0.921955,0.367941,0.809069,0.632059,0.816344
9s7h,1,716,0.938835,3.78265,2.01455,0.327123,3.77073,0.672877,3.78845
9h7s,1,716,0.939069,3.78316,2.01432,0.385107,3.77659,0.614893,3.78728
9d7s,1,716,0.9391,3.78252,2.01391,0.383536,3.77633,0.616464,3.78636
9d7h,1,716,0.939249,3.78706,2.01601,0.376623,3.78089,0.623377,3.79079
9c7s,1,716,0.9391,3.78252,2.01391,0.383536,3.77633,0.616464,3.78636
9c7h,1,716,0.939249,3.78706,2.01601,0.376623,3.78089,0.623377,3.79079
9s6h,1,716,0.326925,0.187469,0.286715,0.052567,0.183271,0.947433,0.187701
9s6d,1,715,0.32735,0.187252,0.286011,0.138445,0.184217,0.861555,0.18774
9s6c,1,715,0.32735,0.187252,0.286011,0.138445,0.184217,0.861555,0.18774
9h6s,1,716,0.326892,0.187328,0.286529,0.03888,0.181317,0.96112,0.187571
9h6d,1,715,0.327817,0.190048,0.28987,0.186145,0.184738,0.813855,0.191263
9h6c,1,715,0.327817,0.190048,0.28987,0.186145,0.184738,0.813855,0.191263
9d6s,1,716,0.32693,0.186884,0.285817,0.031769,0.181838,0.968231,0.18705
9d6h,1,716,0.327429,0.190172,0.290402,0.116136,0.184183,0.883864,0.190959
9d6c,1,715,0.327855,0.189604,0.289159,0.188098,0.18526,0.811902,0.19061
9c6s,1,716,0.32693,0.186884,0.285817,0.031769,0.181838,0.968231,0.18705
9c6h,1,716,0.327429,0.190172,0.290402,0.116136,0.184183,0.883864,0.190959
9c6d,1,715,0.327855,0.189604,0.289159,0.188098,0.18526,0.811902,0.19061
9s5h,1,713,0.322059,0.17808,0.276472,0.019409,0.175386,0.980591,0.178134
9s5d,1,712,0.322481,0.181048,0.28071,0.065079,0.177372,0.934921,0.181303
9s5c,1,712,0.322481,0.181048,0.28071,0.065079,0.177372,0.934921,0.181303
9h5s,1,713,0.322058,0.178736,0.277491,0.007477,0.171853,0.992523,0.178788
9h5d,1,712,0.322941,0.184656,0.285897,0.05893,0.177503,0.94107,0.185103
9h5c,1,712,0.322941,0.184656,0.285897,0.05893,0.177503,0.94107,0.185103
9d5s,1,713,0.322096,0.178073,0.276429,0.010742,0.172507,0.989258,0.178134
9d5h,1,713,0.322556,0.181466,0.281294,0.012375,0.175909,0.987625,0.181536
9d5c,1,712,0.322979,0.183939,0.284754,0.080964,0.178159,0.919036,0.184448
9c5s,1,713,0.322096,0.178073,0.276429,0.010742,0.172507,0.989258,0.178134
9c5h,1,713,0.322556,0.181466,0.281294,0.012375,0.175909,0.987625,0.181536
9c5d,1,712,0.322979,0.183939,0.284754,0.080964,0.178159,0.919036,0.184448
9s4h,1,717,0.308389,0.152642,0.247483,0.00119,0.136786,0.99881,0.152661
9s4d,1,717,0.30841,0.153289,0.248515,0.00148,0.138088,0.99852,0.153312
9s4c,1,717,0.30841,0.153289,0.248515,0.00148,0.138088,0.99852,0.153312
9h4s,1,717,0.308464,0.152648,0.247432,0.000702,0.133533,0.999298,0.152661
9h4d,1,717,0.308857,0.156679,0.253644,0.000671,0.133533,0.999329,0.156695
9h4c,1,717,0.308857,0.156679,0.253644,0.000671,0.133533,0.999329,0.156695
9d4s,1,717,0.308502,0.152126,0.246556,0.000839,0.134574,0.999161,0.15214
9d4h,1,717,0.308875,0.15525,0.251316,0.00058,0.132753,0.99942,0.155263
9d4c,1,717,0.308895,0.156159,0.25277,0.000717,0.134314,0.999283,0.156174
9c4s,1,717,0.308502,0.152126,0.246556,0.000839,0.134574,0.999161,0.15214
9c4h,1,717,0.308875,0.15525,0.251316,0.00058,0.132753,0.99942,0.155263
9c4d,1,717,0.308895,0.156159,0.25277,0.000717,0.134314,0.999283,0.156174
9s3h,1,715,0.304124,0.147142,0.241911,0.001022,0.129935,0.998978,0.147159
9s3d,1,716,0.303748,0.146121,0.240529,0.000656,0.123593,0.999344,0.146135
9s3c,1,716,0.303748,0.146121,0.240529,0.000656,0.123593,0.999344,0.146135
9h3s,1,715,0.304066,0.147406,0.242391,0.000855,0.130588,0.999146,0.14742
9h3d,1,716,0.304196,0.148994,0.244897,0.000275,0.118902,0.999725,0.149002
9h3c,1,716,0.304196,0.148994,0.244897,0.000275,0.118902,0.999725,0.149002
9d3s,1,715,0.304104,0.147013,0.241715,0.001038,0.131893,0.998962,0.147029
9d3h,1,715,0.30461,0.149497,0.24539,0.000473,0.126151,0.999527,0.149508
9d3c,1,716,0.304234,0.148472,0.244009,0.00032,0.119945,0.99968,0.148481
9c3s,1,715,0.304104,0.147013,0.241715,0.001038,0.131893,0.998962,0.147029
9c3h,1,715,0.30461,0.149497,0.24539,0.000473,0.126151,0.999527,0.149508
9c3d,1,716,0.304234,0.148472,0.244009,0.00032,0.119945,0.99968,0.148481
9s2h,1,717,0.302832,0.146787,0.242358,0.000992,0.128199,0.999008,0.146806
9s2d,1,718,0.302459,0.14577,0.240976,0.000641,0.123176,0.999359,0.145785
9s2c,1,718,0.302459,0.14577,0.240976,0.000641,0.123176,0.999359,0.145785
9h2s,1,717,0.302729,0.14731,0.243303,0.001038,0.131712,0.998962,0.147326
9h2d,1,718,0.302906,0.148504,0.245132,0.00032,0.117718,0.99968,0.148514
9h2c,1,718,0.302906,0.148504,0.245132,0.00032,0.117718,0.99968,0.148514
9d2s,1,717,0.302767,0.146918,0.242626,0.001266,0.133143,0.998734,0.146936
9d2h,1,717,0.303317,0.149136,0.245841,0.000473,0.123514,0.999527,0.149148
9d2c,1,718,0.302944,0.148113,0.244456,0.000366,0.118498,0.999634,0.148124
9c2s,1,717,0.302767,0.146918,0.242626,0.001266,0.133143,0.998734,0.146936
9c2h,1,717,0.303317,0.149136,0.245841,0.000473,0.123514,0.999527,0.149148
9c2d,1,718,0.302944,0.148113,0.244456,0.000366,0.118498,0.999634,0.148124
8s6s,1,729,0.30138,0.215364,0.357296,0.032639,0.203851,0.967361,0.215752
8h6h,1,729,0.331556,0.347219,0.523621,0.246113,0.340659,0.753887,0.349361
8d6d,1,727,0.332992,0.360902,0.541909,0.198947,0.353089,0.801053,0.362843
8c6c,1,727,0.332992,0.360902,0.541909,0.198947,0.353089,0.801053,0.362843
8s4s,1,729,0.283462,0.164649,0.290425,0.003388,0.152659,0.996612,0.164689
8h4h,1,729,0.314547,0.282096,0.448416,0.480842,0.275518,0.519158,0.288188
8d4d,1,728,0.315534,0.29245,0.46342,0.46894,0.285031,0.53106,0.299
8c4c,1,728,0.315534,0.29245,0.46342,0.46894,0.285031,0.53106,0.299
8s3s,1,728,0.266833,0.143407,0.268721,0.000549,0.117022,0.999451,0.143422
8h3h,1,728,0.298576,0.220288,0.368898,0.496391,0.214931,0.503609,0.225568
8d3d,1,728,0.299165,0.22346,0.373472,0.488197,0.217623,0.511803,0.229028
8c3c,1,728,0.299165,0.22346,0.373472,0.488197,0.217623,0.511803,0.229028
8s2s,1,730,0.2653,0.144349,0.272048,0.000626,0.121614,0.999374,0.144363
8h2h,1,730,0.297169,0.223608,0.37623,0.557946,0.219766,0.442054,0.228457
8d2d,1,730,0.297749,0.226327,0.380063,0.544579,0.222194,0.455421,0.231268
8c2c,1,730,0.297749,0.226327,0.380063,0.544579,0.222194,0.455421,0.231268
8s7h,1,729,0.939962,3.83973,2.04249,0.04419,3.82101,0.95581,3.84059
8h7s,1,729,0.940033,3.83846,2.04166,0.036194,3.81909,0.963806,3.83919
8d7s,1,728,0.940639,3.8283,2.03495,0.168338,3.81605,0.831662,3.83078
8d7h,1,728,0.940765,3.83297,2.03716,0.141146,3.81976,0.858854,3.83514
8c7s,1,728,0.940639,3.8283,2.03495,0.168338,3.81605,0.831662,3.83078
8c7h,1,728,0.940765,3.83297,2.03716,0.141146,3.81976,0.858854,3.83514
8s6h,1,729,0.301835,0.215351,0.356735,0.169894,0.205258,0.830106,0.217416
8s6d,1,728,0.302193,0.215883,0.357194,0.215106,0.20673,0.784894,0.218392
8s6c,1,728,0.302193,0.215883,0.357194,0.215106,0.20673,0.784894,0.218392
8h6s,1,729,0.301801,0.21579,0.357504,0.152285,0.206026,0.847715,0.217544
8h6d,1,728,0.302615,0.217196,0.358866,0.307073,0.209293,0.692927,0.220698
8h6c,1,728,0.302615,0.217196,0.358866,0.307073,0.209293,0.692927,0.220698
8d6s,1,728,0.302197,0.220963,0.365594,0.180148,0.211087,0.819852,0.223133
8d6h,1,728,0.302653,0.221093,0.365259,0.309407,0.213394,0.690593,0.224543
8d6c,1,727,0.303012,0.2224,0.366982,0.341695,0.215135,0.658305,0.226171
8c6s,1,728,0.302197,0.220963,0.365594,0.180148,0.211087,0.819852,0.223133
8c6h,1,728,0.302653,0.221093,0.365259,0.309407,0.213394,0.690593,0.224543
8c6d,1,727,0.303012,0.2224,0.366982,0.341695,0.215135,0.658305,0.226171
8s5h,1,726,0.297275,0.206323,0.347024,0.12697,0.197348,0.87303,0.207628
8s5d,1,725,0.29763,0.210333,0.353346,0.164675,0.200873,0.835325,0.212198
8s5c,1,725,0.29763,0.210333,0.353346,0.164675,0.200873,0.835325,0.212198
8h5s,1,726,0.297273,0.20693,0.348047,0.0981,0.196962,0.9019,0.208014
8h5d,1,725,0.298048,0.211565,0.354918,0.249012,0.203061,0.750988,0.214385
8h5c,1,725,0.298048,0.211565,0.354918,0.249012,0.203061,0.750988,0.214385
8d5s,1,725,0.297664,0.211447,0.355177,0.144183,0.201646,0.855817,0.213098
8d5h,1,725,0.298084,0.211492,0.354751,0.276844,0.204605,0.723156,0.214128
8d5c,1,724,0.298441,0.216496,0.362712,0.299962,0.208919,0.700038,0.219743
8c5s,1,725,0.297664,0.211447,0.355177,0.144183,0.201646,0.855817,0.213098
8c5h,1,725,0.298084,0.211492,0.354751,0.276844,0.204605,0.723156,0.214128
8c5d,1,724,0.298441,0.216496,0.362712,0.299962,0.208919,0.700038,0.219743
8s4h,1,730,0.284117,0.168481,0.296499,0.002304,0.152542,0.997696,0.168517
8s4d,1,730,0.284132,0.169359,0.298029,0.003326,0.153565,0.996674,0.169412
8s4c,1,730,0.284132,0.169359,0.298029,0.003326,0.153565,0.996674,0.169412
8h4s,1,730,0.284173,0.166805,0.293491,0.003326,0.151392,0.996674,0.166856
8h4d,1,730,0.284548,0.171786,0.301858,0.002869,0.152798,0.997131,0.17184
8h4c,1,730,0.284548,0.171786,0.301858,0.002869,0.152798,0.997131,0.17184
8d4s,1,729,0.284567,0.168253,0.295629,0.01651,0.159442,0.98349,0.168401
8d4h,1,729,0.284926,0.172154,0.302103,0.007004,0.159954,0.992996,0.17224
8d4c,1,729,0.284942,0.173181,0.303888,0.015564,0.159826,0.984436,0.173392
8c4s,1,729,0.284567,0.168253,0.295629,0.01651,0.159442,0.98349,0.168401
8c4h,1,729,0.284926,0.172154,0.302103,0.007004,0.159954,0.992996,0.17224
8c4d,1,729,0.284942,0.173181,0.303888,0.015564,0.159826,0.984436,0.173392
8s3h,1,727,0.266969,0.145831,0.273123,0.000137,0.102333,0.999863,0.145837
8s3d,1,728,0.266646,0.144954,0.27181,0.000122,0.097671,0.999878,0.14496
8s3c,1,728,0.266646,0.144954,0.27181,0.000122,0.097671,0.999878,0.14496
8h3s,1,727,0.266925,0.145055,0.271715,0.000336,0.109904,0.999664,0.145067
8h3d,1,728,0.267058,0.147132,0.275468,0.000122,0.095877,0.999878,0.147138
8h3c,1,728,0.267058,0.147132,0.275468,0.000122,0.095877,0.999878,0.147138
8d3s,1,726,0.267318,0.146183,0.273424,0.000702,0.118316,0.999298,0.146202
8d3h,1,726,0.267776,0.149273,0.278728,0.00032,0.107393,0.99968,0.149287
8d3c,1,727,0.267451,0.148396,0.277427,0.000153,0.101178,0.999847,0.148403
8c3s,1,726,0.267318,0.146183,0.273424,0.000702,0.118316,0.999298,0.146202
8c3h,1,726,0.267776,0.149273,0.278728,0.00032,0.107393,0.99968,0.149287
8c3d,1,727,0.267451,0.148396,0.277427,0.000153,0.101178,0.999847,0.148403
8s2h,1,730,0.265796,0.146527,0.275639,0.000214,0.108706,0.999786,0.146535
8s2d,1,731,0.265476,0.145527,0.274088,0.000153,0.104692,0.999847,0.145533
8s2c,1,731,0.265476,0.145527,0.274088,0.000153,0.104692,0.999847,0.145533
8h2s,1,730,0.265711,0.146008,0.274751,0.000549,0.117013,0.999451,0.146024
8h2d,1,731,0.265886,0.147441,0.277264,0.000153,0.103289,0.999847,0.147448
8h2c,1,731,0.265886,0.147441,0.277264,0.000153,0.103289,0.999847,0.147448
8d2s,1,729,0.266101,0.147131,0.276458,0.00116,0.1254,0.99884,0.147156
8d2h,1,729,0.266597,0.149573,0.280522,0.000427,0.113754,0.999573,0.149588
8d2c,1,730,0.266276,0.148695,0.279213,0.00032,0.10845,0.99968,0.148708
8c2s,1,729,0.266101,0.147131,0.276458,0.00116,0.1254,0.99884,0.147156
8c2h,1,729,0.266597,0.149573,0.280522,0.000427,0.113754,0.999573,0.149588
8c2d,1,730,0.266276,0.148695,0.279213,0.00032,0.10845,0.99968,0.148708
7s6s,1,711,0.931221,3.71697,1.99575,0.004959,3.68511,0.995041,3.71712
7h6h,1,711,0.93364,3.75948,2.01335,0.027161,3.73969,0.972839,3.76003
7s3s,1,711,0.927149,3.63075,1.95802,0.127718,3.61976,0.872282,3.63236
7h3h,1,711,0.929797,3.68206,1.98004,0.228382,3.67133,0.771618,3.68524
7s2s,1,713,0.926341,3.60972,1.94838,0.271672,3.60077,0.728328,3.61307
7h2h,1,713,0.929054,3.66184,1.97073,0.328847,3.65428,0.671153,3.66554
7s5h,1,709,0.930317,3.7006,1.98889,0.009247,3.67531,0.990753,3.70084
7s5d,1,708,0.930995,3.68594,1.97957,0.068742,3.67514,0.931258,3.68673
7s5c,1,708,0.930995,3.68594,1.97957,0.068742,3.67514,0.931258,3.68673
7h5s,1,709,0.93013,3.70635,1.99238,0.004105,3.67031,0.995895,3.7065
7h5d,1,708,0.931107,3.68984,1.98143,0.063554,3.67935,0.936446,3.69056
7h5c,1,708,0.931107,3.68984,1.98143,0.063554,3.67935,0.936446,3.69056
7s4h,1,713,0.930325,3.6873,1.98173,0.024125,3.67313,0.975875,3.68765
7s4d,1,713,0.930361,3.67128,1.97304,0.077623,3.66331,0.922377,3.67195
7s4c,1,713,0.930361,3.67128,1.97304,0.077623,3.66331,0.922377,3.67195
7h4s,1,713,0.930207,3.69323,1.98517,0.006012,3.66462,0.993988,3.69341
7h4d,1,713,0.930477,3.67551,1.97507,0.075135,3.66776,0.924865,3.67614
7h4c,1,713,0.930477,3.67551,1.97507,0.075135,3.66776,0.924865,3.67614
7s3h,1,710,0.928136,3.63628,1.95892,0.214466,3.62647,0.785534,3.63896
7s3d,1,711,0.927565,3.63249,1.95808,0.17438,3.62317,0.82562,3.63446
7s3c,1,711,0.927565,3.63249,1.95808,0.17438,3.62317,0.82562,3.63446
7h3s,1,710,0.927867,3.63904,1.96097,0.106874,3.62766,0.893126,3.6404
7h3d,1,711,0.927681,3.63684,1.96018,0.162951,3.6275,0.837049,3.63866
7h3c,1,711,0.927681,3.63684,1.96018,0.162951,3.6275,0.837049,3.63866
7s2h,1,712,0.927376,3.61465,1.94886,0.323354,3.60835,0.676646,3.61765
7s2d,1,713,0.926808,3.61155,1.94838,0.279957,3.6026,0.720043,3.61503
7s2c,1,713,0.926808,3.61155,1.94838,0.279957,3.6026,0.720043,3.61503
7h2s,1,712,0.927055,3.61756,1.9511,0.259998,3.60835,0.740001,3.6208
7h2d,1,713,0.926924,3.61571,1.95038,0.27158,3.60665,0.72842,3.61909
7h2c,1,713,0.926924,3.61571,1.95038,0.27158,3.60665,0.72842,3.61909
6s5s,1,708,0.267742,0.180264,0.336637,0.104768,0.1805,0.895232,0.180236
6h5h,1,708,0.299342,0.303151,0.506362,0.801633,0.302785,0.198367,0.30463
6d5d,1,706,0.300866,0.31842,0.529171,0.812024,0.318122,0.187976,0.319707
6c5c,1,706,0.300866,0.31842,0.529171,0.812024,0.318122,0.187976,0.319707
6s4s,1,712,0.256648,0.16094,0.313542,0.010727,0.156014,0.989273,0.160993
6h4h,1,712,0.288941,0.271015,0.468981,0.740459,0.268703,0.259541,0.277613
6d4d,1,711,0.29006,0.282872,0.487609,0.744823,0.280796,0.255177,0.288931
6c4c,1,711,0.29006,0.282872,0.487609,0.744823,0.280796,0.255177,0.288931
6s3s,1,711,0.239945,0.130275,0.271469,0.000336,0.088956,0.999664,0.130289
6h3h,1,711,0.272936,0.199591,0.365638,0.387533,0.190912,0.612467,0.205083
6d3d,1,711,0.273704,0.202421,0.369781,0.457801,0.19616,0.542199,0.207708
6c3c,1,711,0.273704,0.202421,0.369781,0.457801,0.19616,0.542199,0.207708
6s2s,1,713,0.225635,0.114672,0.254108,0,0.059453,1,0.114672
6h2h,1,713,0.259449,0.185861,0.358184,0.005264,0.162432,0.994736,0.185985
6d2d,1,713,0.260144,0.186323,0.358116,0.009064,0.166095,0.990936,0.186508
6c2c,1,713,0.260144,0.186323,0.358116,0.009064,0.166095,0.990936,0.186508
6s5h,1,709,0.268487,0.184459,0.343515,0.018341,0.17955,0.981659,0.18455
6s5d,1,708,0.268804,0.186335,0.3466,0.079912,0.182213,0.920089,0.186693
6s5c,1,708,0.268804,0.186335,0.3466,0.079912,0.182213,0.920089,0.186693
6h5s,1,709,0.268501,0.185384,0.34522,0.011704,0.177971,0.988296,0.185471
6h5d,1,708,0.269236,0.191612,0.355844,0.046448,0.181685,0.953552,0.192096
6h5c,1,708,0.269236,0.191612,0.355844,0.046448,0.181685,0.953552,0.192096
6d5s,1,708,0.268817,0.184571,0.343303,0.02501,0.178918,0.97499,0.184716
6d5h,1,708,0.269235,0.188849,0.350714,0.037186,0.179841,0.962814,0.189197
6d5c,1,707,0.269553,0.190372,0.353124,0.129274,0.182903,0.870726,0.191481
6c5s,1,708,0.268817,0.184571,0.343303,0.02501,0.178918,0.97499,0.184716
6c5h,1,708,0.269235,0.188849,0.350714,0.037186,0.179841,0.962814,0.189197
6c5d,1,707,0.269553,0.190372,0.353124,0.129274,0.182903,0.870726,0.191481
6s4h,1,713,0.257362,0.164604,0.319791,0.004623,0.153403,0.995377,0.164656
6s4d,1,713,0.257368,0.165497,0.321518,0.007752,0.155889,0.992248,0.165572
6s4c,1,713,0.257368,0.165497,0.321518,0.007752,0.155889,0.992248,0.165572
6h4s,1,713,0.257416,0.165147,0.320778,0.002686,0.153141,0.997314,0.165179
6h4d,1,713,0.257795,0.16998,0.32968,0.002502,0.153534,0.997497,0.170021
6h4c,1,713,0.257795,0.16998,0.32968,0.002502,0.153534,0.997497,0.170021
6d4s,1,712,0.257736,0.164757,0.319623,0.003784,0.155228,0.996216,0.164793
6d4h,1,712,0.258109,0.168563,0.326535,0.002106,0.154311,0.997894,0.168593
6d4c,1,712,0.258116,0.169598,0.328532,0.003098,0.155752,0.996902,0.169641
6c4s,1,712,0.257736,0.164757,0.319623,0.003784,0.155228,0.996216,0.164793
6c4h,1,712,0.258109,0.168563,0.326535,0.002106,0.154311,0.997894,0.168593
6c4d,1,712,0.258116,0.169598,0.328532,0.003098,0.155752,0.996902,0.169641
6s3h,1,711,0.240384,0.133431,0.277537,0.000137,0.080426,0.999863,0.133438
6s3d,1,712,0.240076,0.132552,0.276062,0.000122,0.074904,0.999878,0.132559
6s3c,1,712,0.240076,0.132552,0.276062,0.000122,0.074904,0.999878,0.132559
6h3s,1,711,0.240366,0.133691,0.278098,0.000198,0.081607,0.999802,0.133701
6h3d,1,712,0.240496,0.13596,0.282665,0.000092,0.070187,0.999908,0.135966
6h3c,1,712,0.240496,0.13596,0.282665,0.000092,0.070187,0.999908,0.135966
6d3s,1,710,0.240683,0.133517,0.277372,0.000305,0.085045,0.999695,0.133532
6d3h,1,710,0.241123,0.136678,0.28342,0.000137,0.078869,0.999863,0.136686
6d3c,1,711,0.240813,0.135794,0.281948,0.000107,0.072029,0.999893,0.1358
6c3s,1,710,0.240683,0.133517,0.277372,0.000305,0.085045,0.999695,0.133532
6c3h,1,710,0.241123,0.136678,0.28342,0.000137,0.078869,0.999863,0.136686
6c3d,1,711,0.240813,0.135794,0.281948,0.000107,0.072029,0.999893,0.1358
6s2h,1,712,0.225716,0.115918,0.256778,0,0.049222,1,0.115918
6s2d,1,713,0.225406,0.115195,0.255528,0,0.045583,1,0.115195
6s2c,1,713,0.225406,0.115195,0.255528,0,0.045583,1,0.115195
6h2s,1,712,0.225664,0.116835,0.258869,0,0.050794,1,0.116835
6h2d,1,713,0.225819,0.117681,0.260565,0,0.040742,1,0.117681
6h2c,1,713,0.225819,0.117681,0.260565,0,0.040742,1,0.117681
6d2s,1,711,0.225981,0.117036,0.258951,0,0.053527,1,0.117036
6d2h,1,711,0.226448,0.11848,0.261604,0,0.046835,1,0.11848
6d2c,1,712,0.226136,0.117621,0.260067,0,0.042146,1,0.117621
6c2s,1,711,0.225981,0.117036,0.258951,0,0.053527,1,0.117036
6c2h,1,711,0.226448,0.11848,0.261604,0,0.046835,1,0.11848
6c2d,1,712,0.226136,0.117621,0.260067,0,0.042146,1,0.117621
5s3s,1,707,0.224042,0.121665,0.271523,0.000183,0.074564,0.999817,0.121674
5h3h,1,707,0.257675,0.19183,0.372232,0.264103,0.182507,0.735897,0.195175
5d3d,1,707,0.258499,0.19513,0.377428,0.399268,0.189105,0.600732,0.199134
5c3c,1,707,0.258499,0.19513,0.377428,0.399268,0.189105,0.600732,0.199134
5s2s,1,710,0.210254,0.10804,0.256927,0,0.046281,1,0.10804
5h2h,1,710,0.244683,0.177661,0.363043,0.000916,0.15298,0.999084,0.177683
5d2d,1,710,0.245442,0.180289,0.367274,0.001022,0.158104,0.998978,0.180311
5c2c,1,710,0.245442,0.180289,0.367274,0.001022,0.158104,0.998978,0.180311
5s4h,1,710,0.241907,0.156891,0.324279,0.003647,0.148512,0.996353,0.156922
5s4d,1,710,0.241911,0.157672,0.325888,0.005539,0.150877,0.994461,0.15771
5s4c,1,710,0.241911,0.157672,0.325888,0.005539,0.150877,0.994461,0.15771
5h4s,1,710,0.241938,0.156638,0.323714,0.003723,0.151009,0.996277,0.156659
5h4d,1,710,0.242317,0.161096,0.332407,0.003159,0.151403,0.996841,0.161127
5h4c,1,710,0.242317,0.161096,0.332407,0.003159,0.151403,0.996841,0.161127
5d4s,1,709,0.242237,0.158597,0.327359,0.010025,0.155601,0.989975,0.158627
5d4h,1,709,0.242612,0.162286,0.334456,0.003326,0.154417,0.996674,0.162312
5d4c,1,709,0.242616,0.163329,0.3366,0.00473,0.155864,0.99527,0.163365
5c4s,1,709,0.242237,0.158597,0.327359,0.010025,0.155601,0.989975,0.158627
5c4h,1,709,0.242612,0.162286,0.334456,0.003326,0.154417,0.996674,0.162312
5c4d,1,709,0.242616,0.163329,0.3366,0.00473,0.155864,0.99527,0.163365
5s3h,1,708,0.22486,0.125017,0.277987,0.000107,0.067174,0.999893,0.125023
5s3d,1,709,0.224571,0.124151,0.276418,0,0.061779,1,0.124151
5s3c,1,709,0.224571,0.124151,0.276418,0,0.061779,1,0.124151
5h3s,1,708,0.224833,0.124752,0.277432,0.000137,0.071786,0.999863,0.124759
5h3d,1,709,0.224973,0.126915,0.282067,0,0.058226,1,0.126915
5h3c,1,709,0.224973,0.126915,0.282067,0,0.058226,1,0.126915
5d3s,1,707,0.22513,0.126541,0.281041,0.00032,0.079446,0.99968,0.126556
5d3h,1,707,0.225559,0.129715,0.287541,0.000137,0.069681,0.999863,0.129723
5d3c,1,708,0.225269,0.128838,0.285965,0.000092,0.062298,0.999908,0.128844
5c3s,1,707,0.22513,0.126541,0.281041,0.00032,0.079446,0.99968,0.126556
5c3h,1,707,0.225559,0.129715,0.287541,0.000137,0.069681,0.999863,0.129723
5c3d,1,708,0.225269,0.128838,0.285965,0.000092,0.062298,0.999908,0.128844
5s2h,1,710,0.210695,0.109485,0.25982,0,0.037345,1,0.109485
5s2d,1,711,0.210404,0.10877,0.258478,0,0.033451,1,0.10877
5s2c,1,711,0.210404,0.10877,0.258478,0,0.033451,1,0.10877
5h2s,1,710,0.210643,0.10988,0.260819,0,0.041945,1,0.10988
5h2d,1,711,0.210792,0.110738,0.262671,0,0.03017,1,0.110738
5h2c,1,711,0.210792,0.110738,0.262671,0,0.03017,1,0.110738
5d2s,1,709,0.210939,0.111124,0.263403,0,0.049015,1,0.111124
5d2h,1,709,0.211381,0.112703,0.266588,0,0.039804,1,0.112703
5d2c,1,710,0.211088,0.111982,0.265249,0,0.034586,1,0.111982
5c2s,1,709,0.210939,0.111124,0.263403,0,0.049015,1,0.111124
5c2h,1,709,0.211381,0.112703,0.266588,0,0.039804,1,0.112703
5c2d,1,710,0.211088,0.111982,0.265249,0,0.034586,1,0.111982
4s2s,1,713,0.206408,0.10446,0.253042,0.000107,0.053303,0.999893,0.104465
4h2h,1,713,0.240998,0.174963,0.362995,0.001556,0.155235,0.998444,0.174993
4d2d,1,714,0.241469,0.175849,0.364125,0.002029,0.157202,0.997971,0.175887
4c2c,1,714,0.241469,0.175849,0.364125,0.002029,0.157202,0.997971,0.175887
4s3h,1,712,0.221141,0.119837,0.270951,0.000336,0.08447,0.999664,0.119849
4s3d,1,713,0.220859,0.119113,0.26966,0.000168,0.076594,0.999832,0.11912
4s3c,1,713,0.220859,0.119113,0.26966,0.000168,0.076594,0.999832,0.11912
4h3s,1,712,0.221086,0.119833,0.27101,0.000488,0.087353,0.999512,0.119849
4h3d,1,713,0.221224,0.1216,0.274834,0.000137,0.072145,0.999863,0.121607
4h3c,1,713,0.221224,0.1216,0.274834,0.000137,0.072145,0.999863,0.121607
4d3s,1,712,0.221089,0.120486,0.272484,0.00058,0.089711,0.99942,0.120504
4d3h,1,712,0.22151,0.123112,0.277892,0.00032,0.082766,0.99968,0.123125
4d3c,1,713,0.221227,0.122254,0.276308,0.000153,0.074893,0.999847,0.122261
4c3s,1,712,0.221089,0.120486,0.272484,0.00058,0.089711,0.99942,0.120504
4c3h,1,712,0.22151,0.123112,0.277892,0.00032,0.082766,0.99968,0.123125
4c3d,1,713,0.221227,0.122254,0.276308,0.000153,0.074893,0.999847,0.122261
4s2h,1,713,0.206841,0.106035,0.256321,0,0.043751,1,0.106035
4s2d,1,714,0.206556,0.105328,0.254961,0,0.037512,1,0.105328
4s2c,1,714,0.206556,0.105328,0.254961,0,0.037512,1,0.105328
4h2s,1,713,0.206767,0.106555,0.25767,0.000061,0.046368,0.999939,0.106559
4h2d,1,714,0.206914,0.107288,0.259256,0,0.032024,1,0.107288
4h2c,1,714,0.206914,0.107288,0.259256,0,0.032024,1,0.107288
4d2s,1,713,0.20677,0.107077,0.258928,0.000092,0.049639,0.999908,0.107082
4d2h,1,713,0.207202,0.108652,0.262189,0,0.041134,1,0.108652
4d2c,1,714,0.206917,0.107941,0.260831,0,0.03529,1,0.107941
4c2s,1,713,0.20677,0.107077,0.258928,0.000092,0.049639,0.999908,0.107082
4c2h,1,713,0.207202,0.108652,0.262189,0,0.041134,1,0.108652
4c2d,1,714,0.206917,0.107941,0.260831,0,0.03529,1,0.107941
3s2s,1,712,0.202682,0.099401,0.245213,0.000137,0.049615,0.999863,0.099408
3h2h,1,712,0.237252,0.168443,0.354986,0.000702,0.140814,0.999298,0.168462
3d2d,1,714,0.237454,0.168289,0.35436,0.000641,0.136818,0.999359,0.168309
3c2c,1,714,0.237454,0.168289,0.35436,0.000641,0.136818,0.999359,0.168309
3s2h,1,712,0.20311,0.100843,0.248247,0.000092,0.037822,0.999908,0.100849
3s2d,1,713,0.20283,0.100147,0.246875,0,0.032629,1,0.100147
3s2c,1,713,0.20283,0.100147,0.246875,0,0.032629,1,0.100147
3h2s,1,712,0.203091,0.101242,0.249253,0,0.036118,1,0.101242
3h2d,1,713,0.203238,0.10211,0.251208,0,0.022292,1,0.10211
3h2c,1,713,0.203238,0.10211,0.251208,0,0.022292,1,0.10211
3d2s,1,713,0.20281,0.100671,0.24819,0,0.030797,1,0.100671
3d2h,1,713,0.203238,0.10211,0.251208,0,0.021899,1,0.10211
3d2c,1,714,0.202957,0.101538,0.250146,0,0.018304,1,0.101538
3c2s,1,713,0.20281,0.100671,0.24819,0,0.030797,1,0.100671
3c2h,1,713,0.203238,0.10211,0.251208,0,0.021899,1,0.10211
3c2d,1,714,0.202957,0.101538,0.250146,0,0.018304,1,0.101538